"05-20-2025","Sales Comparison by Master Account","","Raleigh,Charleston,Charlotte,Wilmington,Greensboro,Myrtle Beach,Columbia,Greenville,Savannah,Atlanta,Richmond","","","","","","","","","","","",""
"","","","","","","","","","","","","","","",""
"Customer Name","Account #","NET MTD Sales","NET MTD Labor","NET GP%","NET MTDLY","NET MTDLY Labor","NET GP%","Comparison MTD-to-LYMTD","NET YTD","NET YTD Labor","NET GP%","NET LYTD","NET LYTD Labor","NET GP%","NET Comparison YTD-to-LYTD"
"A.B. Goodrich - Raleigh","A1650","0.00","0.00","0","0.00","0.00","0","0","0.00","0.00","0","0.00","0.00","0","0"
"A.C. Lee Construction - Raleigh","2452","0.00","0.00","0","0.00","0.00","0","0","0.00","0.00","0","0.00","0.00","0","0"
"AL Adams Construction Co. - Columbia","A2132","0.00","0.00","0","0.00","0.00","0","0","37447.00","0.00","100","0.00","0.00","0","37447"
"Adams Homes - Charlotte","A1545","0.00","0.00","0","-195.00","0.00","100","195","0.00","0.00","0","-195.00","0.00","179.97","195"
"Adams Homes - North Raleigh Division","A1640","31812.74","0.00","14.71","-963.98","0.00","165.17","32776.72","321987.41","0.00","16.69","143722.37","0.00","19.29","178265.04"
"Adams Homes - South Raleigh Division","21","52293.39","0.00","23.95","30451.00","0.00","23.65","21842.39","534239.43","0.00","16.32","510361.13","0.00","18.41","23878.3"
"Adams Homes - Wilmington","A2071","43514.00","0.00","28.29","0.00","0.00","0","43514","353823.09","0.00","20.37","0.00","0.00","0","353823.09"
"Adams Homes Winterville Division - Raleigh","A1744","30710.97","0.00","6.06","0.00","0.00","0","30710.97","240036.87","0.00","16.56","0.00","0.00","0","240036.87"
"Adamski Construction Services - Raleigh","A1961","0.00","0.00","0","0.00","0.00","0","0","7288.00","0.00","19.89","0.00","0.00","0","7288"
"Addison Homes - Greenville","A1785","196.14","0.00","21.38","16523.01","0.00","28.35","-16326.87","16896.14","0.00","22.26","32099.00","0.00","22.41","-15202.86"
"Alan Simonini Homes, LLC - Charlotte","A1568","21921.97","0.00","50.41","0.00","0.00","0","21921.97","135042.66","0.00","36.49","68000.00","0.00","-4.85","67042.66"
"Allen Grading Company Inc - Raleigh","A2161","0.00","0.00","0","0.00","0.00","0","0","0.00","0.00","0","0.00","0.00","0","0"
"Alliance Multifamily Builders - Charlotte","A1965","0.00","0.00","0","0.00","0.00","0","0","833134.05","0.00","12.37","640673.24","0.00","26.74","192460.81"
"Alpha Contracting And Real Estate Group, LLC- Raleigh","A1916","0.00","0.00","0","0.00","0.00","0","0","24960.99","0.00","19.09","-1358.00","0.00","100","26318.99"
"Ameri Built Homes","A2058","12164.00","0.00","30.89","0.00","0.00","0","12164","12164.00","0.00","30.89","0.00","0.00","0","12164"
"Anchor Custom Homes - Raleigh","68","0.00","0.00","0","0.00","0.00","0","0","31324.99","0.00","-10.26","55592.00","0.00","23.66","-24267.01"
"Arden Homes - Greensboro","A1645","30248.01","0.00","27.42","-282.25","0.00","251.11","30530.26","72808.21","0.00","3.84","12106.01","0.00","21.1","60702.2"
"Ashton Woods - Charleston","A1691","53158.00","0.00","12.96","41127.16","0.00","-226.42","12030.84","613379.46","0.00","14.7","565906.50","0.00","-38.76","47472.96"
"Ashton Woods - Myrtle Beach","A2015","0.00","0.00","0","54753.04","0.00","6.47","-54753.04","207528.09","0.00","13.97","244709.04","0.00","12.61","-37180.95"
"Axon Homes, LLC - Charleston","A1834","0.00","0.00","0","-11844.37","0.00","107.6","11844.37","65975.72","0.00","31.52","71962.01","0.00","-59.96","-5986.29"
"BRHB2, LLC - Greensboro","A2053","0.00","0.00","0","0.00","0.00","0","0","-12200.00","0.00","99.18","0.00","0.00","0","-12200"
"Bailey Custom Homes, Inc. - Raleigh","A1801","0.00","0.00","0","0.00","0.00","0","0","0.00","0.00","0","0.00","0.00","0","0"
"Baker Residential - Raleigh","42","0.00","0.00","0","39487.39","0.00","45.19","-39487.39","150561.01","0.00","-7.7","335613.22","0.00","13.21","-185052.21"
"Barringer Homes - Charlotte","A1533","0.00","0.00","0","64391.00","0.00","39.41","-64391","110094.32","0.00","24.74","207829.89","0.00","35.85","-97735.57"
"Bean Builders, Inc - Greensboro","A2028","0.00","0.00","0","0.00","0.00","0","0","0.00","0.00","0","0.00","0.00","0","0"
"Beazer Homes - Myrtle Beach","A2133","7000.00","0.00","2.61","0.00","0.00","0","7000","78012.40","0.00","9.16","0.00","0.00","0","78012.4"
"Beazer Homes - Raleigh","A1888","9822.03","0.00","-325.55","107926.01","0.00","28.63","-98103.98","588613.09","0.00","13.49","978138.99","0.00","20.63","-389525.9"
"Birch Home Builders LLC - Columbia","A2067","0.00","0.00","0","0.00","0.00","0","0","30652.50","0.00","6.07","0.00","0.00","0","30652.5"
"Blue Heel Construction- Raleigh","A1855","0.00","0.00","0","1002.00","0.00","107.66","-1002","32065.00","0.00","16.51","213173.91","0.00","24.77","-181108.91"
"Bobbitt Construction Inc. - Greensboro","A2008","0.00","0.00","0","0.00","0.00","0","0","21684.97","0.00","66.78","12791.00","0.00","67.1","8893.97"
"Bond Stone Holdings, LLC - Charlotte","A1662","0.00","0.00","0","0.00","0.00","0","0","0.00","0.00","0","11575.06","0.00","19.74","-11575.06"
"Brian Casey Construction - Columbia","A2005","0.00","0.00","0","0.00","0.00","0","0","20679.00","0.00","32.75","19790.00","0.00","27.75","889"
"Brittany Godwin - Raleigh","A2187","2.00","0.00","100","0.00","0.00","0","2","2.00","0.00","100","0.00","0.00","0","2"
"Brookfield Residential - Charleston","A2124","0.00","0.00","0","0.00","0.00","0","0","67916.01","0.00","18.37","0.00","0.00","0","67916.01"
"Bryan Watkins- Raleigh","A1945","0.00","0.00","0","0.00","0.00","0","0","0.00","0.00","0","-850.00","0.00","46.72","850"
"Build On Your Land, LLC - Columbia","A1906","3300.00","0.00","-12.26","41414.87","0.00","19.04","-38114.87","134421.98","0.00","12.82","226847.88","0.00","26.17","-92425.9"
"Buttrill Developments - Charlotte","A1971","0.00","0.00","0","0.00","0.00","0","0","0.00","0.00","0","4100.00","0.00","83.45","-4100"
"C. Herman - Charleston","A1766","0.00","0.00","0","30047.68","0.00","-467.14","-30047.68","57482.51","0.00","-25.41","1078994.05","0.00","39.81","-1021511.54"
"C. Herman - Charlotte","A1829","0.00","0.00","0","0.00","0.00","0","0","1283314.06","0.00","22.23","693695.46","0.00","24","589618.6"
"C. Herman - Greenville","A1943","0.00","0.00","0","0.00","0.00","0","0","638251.73","0.00","66.01","479608.45","0.00","51.61","158643.28"
"C. Herman - Myrtle Beach","A1765","0.00","0.00","0","10254.45","0.00","95.45","-10254.45","703822.15","0.00","73.93","78829.45","0.00","98.82","624992.7"
"C. Herman - Raleigh","A1767","0.00","0.00","0","0.00","0.00","0","0","998949.02","0.00","32.54","0.00","0.00","0","998949.02"
"C. Jones - Greensboro","A2102","0.00","0.00","0","0.00","0.00","0","0","0.00","0.00","0","0.00","0.00","0","0"
"CK Contracting LLC - Charleston","A1567","0.00","0.00","0","-606.94","0.00","100","606.94","0.00","0.00","0","0.00","0.00","0","0"
"Cade, Inc - Greensboro","A2136","0.00","0.00","0","0.00","0.00","0","0","48567.00","0.00","42.71","0.00","0.00","0","48567"
"Cade, Inc - Raleigh","47","0.00","0.00","0","0.00","0.00","0","0","0.00","0.00","0","74596.33","0.00","47.66","-74596.33"
"Cape Fear Construction Group LLC- Wilmington","A1919","0.00","0.00","0","0.00","0.00","0","0","0.00","0.00","0","448774.85","0.00","91.91","-448774.85"
"Carson Speer Builders, LLC - Greenville","A2038","0.00","0.00","0","38611.00","0.00","28.31","-38611","0.00","0.00","0","38611.00","0.00","28.31","-38611"
"Caruso Homes, Inc. - Raleigh","A2120","0.00","0.00","0","0.00","0.00","0","0","76494.06","0.00","17.68","0.00","0.00","0","76494.06"
"Celtic Works - Columbia","A2090","0.00","0.00","0","0.00","0.00","0","0","100.00","0.00","-15","0.00","0.00","0","100"
"Center Park Homes - Charlotte","A1885","0.00","0.00","0","753.43","0.00","-7.91","-753.43","0.00","0.00","0","251287.47","0.00","11.02","-251287.47"
"Century Complete - Greensboro","A1873","4441.01","0.00","20.55","66740.00","0.00","11.74","-62298.99","399093.36","0.00","21.25","750277.16","0.00","19.28","-351183.8"
"Chesapeake Homes - Myrtle Beach","A1828","295305.64","0.00","21.04","232699.51","0.00","13.52","62606.13","1782160.24","0.00","19.23","1612000.54","0.00","16.48","170159.7"
"Chesapeake Homes - Raleigh","A1660","1135.00","0.00","60.51","12227.97","0.00","33.63","-11092.97","98576.76","0.00","24.82","133399.70","0.00","20.64","-34822.94"
"Chesapeake Homes - Wilmington","A1827","400.00","0.00","-41.35","12451.00","0.00","26.08","-12051","85843.53","0.00","24.18","157893.92","0.00","33.65","-72050.39"
"Chris Massengill - Raleigh","A1761","0.00","0.00","0","0.00","0.00","0","0","975.00","0.00","7.18","0.00","0.00","0","975"
"Clancy & Theys Construction Company - Charlotte","A2009","0.00","0.00","0","0.00","0.00","0","0","92247.53","0.00","-143.99","85131.82","0.00","26.95","7115.71"
"Clancy & Theys Construction Company - Raleigh","A1649","0.00","0.00","0","0.00","0.00","0","0","1337847.07","0.00","13.04","1430342.19","0.00","8.39","-92495.12"
"Clancy & Theys Construction Company - Wilmington","A1663","0.00","0.00","0","0.00","0.00","0","0","6493.53","0.00","100","241202.55","0.00","-336.12","-234709.02"
"Clyde Moore - Myrtle Beach","A2087","0.00","0.00","0","0.00","0.00","0","0","-2777.00","0.00","108.68","0.00","0.00","0","-2777"
"Coastal Premier Homes (Arthur Rutenburg Franchise) - Charleston","A1531","12582.70","0.00","27.21","0.00","0.00","0","12582.7","185381.30","0.00","14.82","0.02","0.00","-236784665.83","185381.28"
"Conquest Homes, LLC - Columbia","A2025","201.00","0.00","281.7","0.00","0.00","0","201","55682.99","0.00","29.82","26511.01","0.00","26.96","29171.98"
"Copper Builders - Greensboro","A2135","0.00","0.00","0","0.00","0.00","0","0","34851.00","0.00","37.7","0.00","0.00","0","34851"
"Cruz Built LLC - Greensboro","A1624","0.00","0.00","0","15554.00","0.00","25.07","-15554","0.00","0.00","0","13098.85","0.00","51.24","-13098.85"
"Cumberland Homes (TMD Res.) - Raleigh","29","1470.00","0.00","-107.14","27631.98","0.00","26.82","-26161.98","95824.71","0.00","12.74","284035.07","0.00","25.99","-188210.36"
"D Hall Construction - Columbia","A1994","0.00","0.00","0","25073.39","0.00","36.83","-25073.39","13340.00","0.00","28.17","87558.40","0.00","41.19","-74218.4"
"D Stone Builders - Greensboro","A1845","-5100.00","0.00","58.41","0.00","0.00","0","-5100","-5100.00","0.00","58.41","0.00","0.00","0","-5100"
"DAVID WEEKLEY HOMES - RALEIGH","604","0.00","0.00","0","73109.30","0.00","20.03","-73109.3","262925.95","0.00","18.99","410465.80","0.00","17.22","-147539.85"
"DO NOT USE Starlight Homes - Raleigh","A1763","0.00","0.00","0","0.00","0.00","0","0","0.00","0.00","0","0.00","0.00","0","0"
"DO NOT USE Vanir Installed Sales, LLC - House Account","4","0.00","0.00","0","0.00","0.00","0","0","419.73","0.00","-1721.62","0.00","0.00","0","419.73"
"DPR Construction - Raleigh","A2081","0.00","0.00","0","0.00","0.00","0","0","145782.00","0.00","78.39","0.00","0.00","0","145782"
"DR Horton - Greenville","A2012","80941.92","0.00","17.72","0.00","0.00","0","80941.92","80941.92","0.00","17.72","0.00","0.00","0","80941.92"
"DR Horton - Raleigh","A1619","0.00","0.00","0","0.00","0.00","0","0","700.00","0.00","100","19643.17","0.00","-15.02","-18943.17"
"DR Horton - Wilmington","A2014","90518.87","0.00","21.55","0.00","0.00","0","90518.87","356948.83","0.00","16.5","0.00","0.00","0","356948.83"
"Dan Ryan Builders - Charleston","A1626","0.00","0.00","0","35362.79","0.00","75.43","-35362.79","322326.33","0.00","-42.07","222157.84","0.00","-34.76","100168.49"
"Dave Johnson - Raleigh","A2095","0.00","0.00","0","0.00","0.00","0","0","33087.00","0.00","14.81","0.00","0.00","0","33087"
"David Taylor - Wilmington","A1967","0.00","0.00","0","0.00","0.00","0","0","0.00","0.00","0","58030.77","0.00","11.98","-58030.77"
"Davidson Home Crafters - Raleigh","81","0.00","0.00","0","0.00","0.00","0","0","0.00","0.00","0","0.00","0.00","0","0"
"Disney Construction - Greensboro","A1863","0.00","0.00","0","0.00","0.00","0","0","39699.00","0.00","28.95","21500.00","0.00","-0.25","18199"
"Dove Homes, LLC - Raleigh","A2063","0.00","0.00","0","0.00","0.00","0","0","0.00","0.00","0","0.00","0.00","0","0"
"Dream Finders Homes - Charlotte","A1718","68555.86","0.00","22.19","48560.00","0.00","5.5","19995.86","203575.33","0.00","19.9","138162.50","0.00","-1.25","65412.83"
"Dream Finders Homes - Greensboro","A1627","0.00","0.00","0","0.00","0.00","0","0","0.00","0.00","0","1007.87","0.00","-129.27","-1007.87"
"Dream Finders Homes - Myrtle Beach","A1647","78877.81","0.00","44.5","85041.65","0.00","12.78","-6163.84","576327.69","0.00","22.02","619794.90","0.00","18.15","-43467.21"
"Dream Finders Homes - Raleigh","A1714","56787.00","0.00","-20.74","228532.00","0.00","33.92","-171745","585924.47","0.00","5.16","739071.34","0.00","16.29","-153146.87"
"Dream Finders Homes - Wilmington","A1651","45977.26","0.00","12.35","45290.12","0.00","25.44","687.14","428130.98","0.00","15.41","564184.27","0.00","21.26","-136053.29"
"Drees Homes - Raleigh","A1940","52277.00","0.00","19.24","16161.00","0.00","14.57","36116","255243.82","0.00","9.02","170204.00","0.00","9.57","85039.82"
"Dwell South East, LLC - Myrtle Beach","A2072","26778.00","0.00","-15.61","0.00","0.00","0","26778","26778.00","0.00","-30.7","0.00","0.00","0","26778"
"EDC (Eilerson Dev. Group) - Raleigh","A1850","0.00","0.00","0","0.00","0.00","0","0","0.00","0.00","0","291480.77","0.00","39.75","-291480.77"
"EMJ - Charlotte","A1782","0.00","0.00","0","0.00","0.00","0","0","0.00","0.00","0","268871.67","0.00","24.46","-268871.67"
"Edgerton Home Builders LLC","A2131","0.00","0.00","0","0.00","0.00","0","0","9540.02","0.00","15.24","0.00","0.00","0","9540.02"
"Elford Inc - Charlotte","A2130","0.00","0.00","0","0.00","0.00","0","0","403400.25","0.00","25.86","0.00","0.00","0","403400.25"
"Elite Management Group USA, LLC- Charlotte","A1942","0.00","0.00","0","0.00","0.00","0","0","0.00","0.00","0","0.00","0.00","0","0"
"Elm Street General Contractors - Greensboro","A1952","0.00","0.00","0","0.00","0.00","0","0","0.00","0.00","0","100.00","0.00","-125","-100"
"Elm Street General Contractors - Raleigh","60","0.00","0.00","0","0.00","0.00","0","0","0.00","0.00","0","76413.00","0.00","10.88","-76413"
"FLEMING HOMES - Raleigh","605","0.00","0.00","0","0.00","0.00","0","0","0.00","0.00","0","0.00","0.00","0","0"
"Fairview Custom Homes- Greenville","A1932","0.00","0.00","0","0.00","0.00","0","0","74523.99","0.00","23.44","0.00","0.00","0","74523.99"
"Faithwood Construction - Charlotte","A1779","0.00","0.00","0","0.00","0.00","0","0","0.00","0.00","0","89349.00","0.00","26.87","-89349"
"Fallcross Construction - Charlotte","A1997","0.00","0.00","0","0.00","0.00","0","0","0.00","0.00","0","5023.97","0.00","19.8","-5023.97"
"Frank L. Blum Construction Company - Greensboro","A1731","0.00","0.00","0","0.00","0.00","0","0","0.00","0.00","0","-4013.07","0.00","549.34","4013.07"
"Frank L. Blum Construction Company- Raleigh","A1595","0.00","0.00","0","0.00","0.00","0","0","0.00","0.00","0","0.00","0.00","0","0"
"GUY C LEE - Shallotte Dispatch","A1824","0.00","0.00","0","0.00","0.00","0","0","0.00","0.00","0","0.00","0.00","0","0"
"GUY C LEE MILLWORK","5621","0.00","0.00","0","0.00","0.00","0","0","0.00","0.00","0","0.00","0.00","0","0"
"Gammon Construction - Raleigh","65","148.70","0.00","340.59","15045.02","0.00","9.16","-14896.32","54858.42","0.00","24.18","53808.03","0.00","-1.13","1050.39"
"Garman Homes - Greensboro","A1992","-1538.00","0.00","-155.1","0.00","0.00","0","-1538","92269.00","0.00","30.04","77867.60","0.00","17.64","14401.4"
"Generation Homes - Charleston","A1639","0.00","0.00","0","291.53","0.00","100","-291.53","124741.00","0.00","24.73","291.53","0.00","68.83","124449.47"
"Grand Tradition LLC - Raleigh","A1886","0.00","0.00","0","0.00","0.00","0","0","106308.98","0.00","-105.63","0.00","0.00","0","106308.98"
"Grand Tradition LLC- Greensboro","A1825","0.00","0.00","0","150.00","0.00","82.59","-150","862.12","0.00","97.56","77459.00","0.00","26.63","-76596.88"
"Granville Homes - Greensboro","A1837","0.00","0.00","0","600.00","0.00","20.83","-600","0.00","0.00","0","33576.00","0.00","16.49","-33576"
"Gray Wolf Homes - Raleigh","5000209","0.00","0.00","0","156.01","0.00","16.23","-156.01","0.00","0.00","0","291.79","0.00","33.82","-291.79"
"Great Southern Homes - Columbia","A1700","50367.99","0.00","19.71","55803.00","0.00","37.27","-5435.01","299579.02","0.00","25.75","915448.64","0.00","12.84","-615869.62"
"Great Southern Homes - Greenville","A1730","14870.30","0.00","-7.72","27709.00","0.00","29.28","-12838.7","352688.41","0.00","17.02","604157.78","0.00","19.42","-251469.37"
"Great Southern Homes - Myrtle Beach","A1737","75075.38","0.00","12.19","46621.98","0.00","28.48","28453.4","373796.25","0.00","23.03","178223.23","0.00","30.66","195573.02"
"Great Southern Homes - Raleigh","A1944","0.00","0.00","0","0.00","0.00","0","0","45589.00","0.00","-1.97","62724.00","0.00","24.48","-17135"
"HMT Construction LLC - Raleigh","70","0.00","0.00","0","0.00","0.00","0","0","24024.99","0.00","14.48","37728.95","0.00","21.6","-13703.96"
"Hallmark Building - Wilmington","A2155","0.00","0.00","0","0.00","0.00","0","0","273575.00","0.00","72.09","0.00","0.00","0","273575"
"Harbor Contracting - Charleston","A1754","0.00","0.00","0","0.00","0.00","0","0","0.00","0.00","0","8720.00","0.00","-515.27","-8720"
"Harold K. Jordan - Myrtle Beach","A2097","0.00","0.00","0","0.00","0.00","0","0","15674.67","0.00","-175.06","0.00","0.00","0","15674.67"
"Harold K. Jordan - Raleigh","1117","0.00","0.00","0","0.00","0.00","0","0","-2.00","0.00","4695112.96","355015.12","0.00","-19.81","-355017.12"
"Herring Homes - Raleigh","A1686","0.00","0.00","0","0.00","0.00","0","0","0.00","0.00","0","75422.73","0.00","16.24","-75422.73"
"Hoeken Design Build - Raleigh","A1625","0.00","0.00","0","-125.00","0.00","100","125","49876.99","0.00","17.52","72033.06","0.00","26.57","-22156.07"
"Holliday Homes - Charlotte","A1974","150.85","0.00","100","0.00","0.00","0","150.85","94278.15","0.00","19.9","43741.00","0.00","15.57","50537.15"
"Hopper Communities - Charlotte","A1537","0.00","0.00","0","0.00","0.00","0","0","0.00","0.00","0","63980.13","0.00","14.59","-63980.13"
"Hudson Brothers - Wilmington","A2110","0.00","0.00","0","0.00","0.00","0","0","180316.85","0.00","-45.45","0.00","0.00","0","180316.85"
"Hunter Quinn- Greenville","A1929","32671.00","0.00","19.02","15727.00","0.00","16.28","16944","364922.43","0.00","9.34","172425.99","0.00","13.6","192496.44"
"ICON Custom Builders - Greensboro","A2111","0.00","0.00","0","0.00","0.00","0","0","0.00","0.00","0","0.00","0.00","0","0"
"Isenhour Homes - Greensboro","A1973","0.00","0.00","0","0.00","0.00","0","0","21759.02","0.00","-20.59","18788.96","0.00","12.27","2970.06"
"J&N Developers - Raleigh","10","0.00","0.00","0","7600.00","0.00","25.06","-7600","230.00","0.00","-106.64","22285.03","0.00","19.49","-22055.03"
"JSJ Builders Inc. - Raleigh","A1598","-249.99","0.00","552.92","66538.93","0.00","27.08","-66788.92","166171.74","0.00","18.52","335426.29","0.00","26.14","-169254.55"
"K. Hovnanian - Charleston","A1644","14098.96","0.00","-3.5","62747.51","0.00","93.7","-48648.55","126017.59","0.00","-2.13","121140.99","0.00","-63.2","4876.6"
"KB Home - Charlotte","A1995","0.00","0.00","0","39294.00","0.00","19.02","-39294","26268.99","0.00","4.19","115464.86","0.00","15.8","-89195.87"
"KB Home - Raleigh","34","33077.99","0.00","-60.91","203853.16","0.00","26.99","-170775.17","803171.04","0.00","21.83","1771710.34","0.00","16.14","-968539.3"
"KMK INC- Myrtle Beach","A1935","0.00","0.00","0","0.00","0.00","0","0","4826.00","0.00","34.25","0.00","0.00","0","4826"
"Kristopher Homes, LLC - Greenville","A1858","0.00","0.00","0","0.00","0.00","0","0","0.00","0.00","0","300.00","0.00","-147.48","-300"
"LaFaye Construction - Columbia","A1872","650.00","0.00","-139.53","53725.00","0.00","29.76","-53075","80851.01","0.00","25.75","174550.98","0.00","29.55","-93699.97"
"Lanier Van Sickle Construction - Charlotte","A1884","0.00","0.00","0","0.00","0.00","0","0","0.00","0.00","0","157149.01","0.00","12.06","-157149.01"
"Lennar - Charleston","A1546","47820.60","0.00","-1.27","-35271.00","0.00","462.29","83091.6","902410.78","0.00","11.53","536905.65","0.00","-51.19","365505.13"
"Lennar - Charlotte","A1684","275831.24","0.00","23.42","150715.32","0.00","14.16","125115.92","1483699.53","0.00","14.86","1097493.89","0.00","13.52","386205.64"
"Lennar - Columbia","A1865","17228.57","0.00","16.36","82529.76","0.00","18.99","-65301.19","366454.36","0.00","15.8","369176.42","0.00","15.6","-2722.06"
"Lennar - Greensboro","A1746","672.88","0.00","3.49","18715.02","0.00","-4.99","-18042.14","672.88","0.00","-61.7","331292.92","0.00","2.74","-330620.04"
"Lennar - Myrtle Beach","A1876","285734.02","0.00","27.94","390905.50","0.00","18.49","-105171.48","1684043.61","0.00","23.78","1689696.44","0.00","19.88","-5652.83"
"Lennar - Raleigh","50","287335.97","0.00","23.02","301368.25","0.00","32.97","-14032.28","1343378.66","0.00","15.36","2225020.42","0.00","18.78","-881641.76"
"Madison Simmons Homes - Charlotte","A1843","0.00","0.00","0","0.00","0.00","0","0","0.00","0.00","0","1296.43","0.00","87.75","-1296.43"
"Madison Simmons Homes - Greenville","A1938","0.00","0.00","0","43290.01","0.00","29.51","-43290.01","1153.57","0.00","22.28","194704.01","0.00","33.98","-193550.44"
"Marlow Homes, INC - Charlotte","A1818","0.00","0.00","0","0.00","0.00","0","0","36385.00","0.00","27.66","21754.00","0.00","19.54","14631"
"Maynard M. Coats II - Raleigh","79","0.00","0.00","0","0.00","0.00","0","0","0.00","0.00","0","29040.00","0.00","16.6","-29040"
"Mckee Homes - Raleigh","A2123","0.00","0.00","0","0.00","0.00","0","0","241559.00","0.00","18.76","0.00","0.00","0","241559"
"Mckee Homes - Wilmington","A1931","39146.00","0.00","6.01","0.00","0.00","0","39146","87713.00","0.00","-59.66","54216.01","0.00","25.76","33496.99"
"Meritage - Greensboro","A1581","79478.95","0.00","-14.99","1070.00","0.00","-50.78","78408.95","547855.47","0.00","10.97","282199.92","0.00","19.92","265655.55"
"Meritage - Greenville","A1848","196189.78","0.00","11.43","15984.99","0.00","5.61","180204.79","861961.09","0.00","12.44","346280.58","0.00","-9.1","515680.51"
"Meritage - Myrtle Beach","A1851","43501.03","0.00","18.31","297997.00","0.00","20.91","-254495.97","503211.14","0.00","20.24","1193544.98","0.00","22.03","-690333.84"
"Meritage - Raleigh","23","14961.28","0.00","58.11","252740.08","0.00","17.17","-237778.8","595228.30","0.00","13","477755.23","0.00","21.22","117473.07"
"Michaels Construction - Charlotte","A1847","0.00","0.00","0","0.00","0.00","0","0","198353.15","0.00","53.06","535970.29","0.00","25.71","-337617.14"
"Mikkel Thompson - Raleigh","A2096","0.00","0.00","0","0.00","0.00","0","0","0.00","0.00","0","0.00","0.00","0","0"
"Mill Creek Residential - Charlotte","A1881","0.00","0.00","0","78591.01","0.00","21.32","-78591.01","235095.50","0.00","15.17","81491.63","0.00","11.7","153603.87"
"Mill Creek Residential - Raleigh","A2013","63031.00","0.00","29.19","0.00","0.00","0","63031","63789.00","0.00","16.8","0.00","0.00","0","63789"
"Mitchco Inc - Greensboro","A2016","0.00","0.00","0","87904.99","0.00","52.68","-87904.99","2850.00","0.00","-4.49","109934.99","0.00","38.89","-107084.99"
"Monteith Construction - Myrtle Beach","A2086","0.00","0.00","0","0.00","0.00","0","0","-99535.31","0.00","100.83","0.00","0.00","0","-99535.31"
"Monteith Construction - Wilmington","A1791","0.00","0.00","0","0.00","0.00","0","0","231745.66","0.00","27.76","987328.08","0.00","29.06","-755582.42"
"Monterey Bay, LLC - Raleigh","A1949","0.00","0.00","0","0.00","0.00","0","0","0.00","0.00","0","0.00","0.00","0","0"
"Mountains To Coast Homes","A1996","0.00","0.00","0","0.00","0.00","0","0","0.00","0.00","0","22026.00","0.00","19.43","-22026"
"Mungo Homes - Charlotte","A2089","1186.37","0.00","-15.47","0.00","0.00","0","1186.37","41390.90","0.00","15.06","0.00","0.00","0","41390.9"
"Mungo Homes - Columbia","A1623","76876.82","0.00","16.3","60.00","0.00","1036.82","76816.82","1037892.21","0.00","21.69","274884.94","0.00","37.53","763007.27"
"Mungo Homes - Greensboro","A1719","1629.00","0.00","-137.12","11437.01","0.00","-135.24","-9808.01","110470.03","0.00","23.29","281707.75","0.00","2.84","-171237.72"
"Mungo Homes - Greenville","A1909","40960.05","0.00","36.41","13718.03","0.00","12.36","27242.02","58604.47","0.00","39.78","44264.15","0.00","9.43","14340.32"
"Mungo Homes - Myrtle Beach","A1852","18615.01","0.00","22.43","22206.10","0.00","19.41","-3591.09","182159.21","0.00","16.93","116716.00","0.00","17.25","65443.21"
"Mungo Homes - Raleigh","A1547","44126.71","0.00","6.11","-440.00","0.00","100","44566.71","295330.84","0.00","8.86","-1615.00","0.00","259.41","296945.84"
"Mungo Homes - Wilmington","A1707","230123.00","0.00","19.14","0.00","0.00","0","230123","1158815.37","0.00","21.38","0.00","0.00","0","1158815.37"
"NRP Group - Charlotte","A1983","0.00","0.00","0","0.00","0.00","0","0","1399751.39","0.00","16.22","0.00","0.00","0","1399751.39"
"NVR, Inc. - Charlotte","A2165","130.00","0.00","100","0.00","0.00","0","130","130.00","0.00","100","0.00","0.00","0","130"
"National Home Builders, LLC - Columbia","A2045","0.00","0.00","0","3325.00","0.00","17.74","-3325","0.00","0.00","0","3325.00","0.00","17.74","-3325"
"Nest Aspire- Wilmington","A1869","0.00","0.00","0","0.00","0.00","0","0","0.00","0.00","0","72309.98","0.00","22.52","-72309.98"
"Neuse Landing Homes LLC - Raleigh","76","0.00","0.00","0","0.00","0.00","0","0","18264.00","0.00","-8.9","48422.00","0.00","18.99","-30158"
"New Home Inc. LLC - Raleigh","A1784","34547.00","0.00","6.11","91207.04","0.00","29.19","-56660.04","648284.32","0.00","19.85","458172.55","0.00","17.04","190111.77"
"New Leaf Builders - Charleston","A2022","45046.01","0.00","14.98","0.00","0.00","0","45046.01","45046.01","0.00","14.09","0.00","0.00","0","45046.01"
"New Leaf Builders - Wilmington","A1991","0.00","0.00","0","0.00","0.00","0","0","20096.00","0.00","22.76","0.00","0.00","0","20096"
"New South Construction - Raleigh","A1687","0.00","0.00","0","0.00","0.00","0","0","0.00","0.00","0","894792.95","0.00","-1.44","-894792.95"
"North Ridge Homes, Inc - Raleigh","A2104","0.00","0.00","0","0.00","0.00","0","0","10377.98","0.00","19.6","0.00","0.00","0","10377.98"
"Northwood Ravin - Charlotte","A2003","0.00","0.00","0","0.00","0.00","0","0","735471.58","0.00","41.12","450976.96","0.00","29.55","284494.62"
"O'Connor Homes, INC - Charleston","A1896","0.00","0.00","0","13350.00","0.00","100","-13350","14879.00","0.00","29.54","13350.00","0.00","-81.53","1529"
"Oak & Willow Builders, LLC - Charlotte","A2145","0.00","0.00","0","0.00","0.00","0","0","33599.97","0.00","33.29","0.00","0.00","0","33599.97"
"Path Construction - Charlotte","A1795","0.00","0.00","0","0.00","0.00","0","0","0.00","0.00","0","0.00","0.00","0","0"
"Path Construction - Greensboro","A1939","0.00","0.00","0","0.00","0.00","0","0","0.00","0.00","0","0.00","0.00","0","0"
"Piedmont Signature Homes - Greensboro","A1972","0.00","0.00","0","21861.00","0.00","-20.29","-21861","0.00","0.00","0","21861.00","0.00","-29.55","-21861"
"Pierre Morin-Raleigh","A2153","0.00","0.00","0","0.00","0.00","0","0","28211.00","0.00","13.61","0.00","0.00","0","28211"
"Planishek Properties - Charlotte","A2017","46709.40","0.00","42.73","0.00","0.00","0","46709.4","54918.97","0.00","41.2","30008.50","0.00","24.22","24910.47"
"Porter Built Homes LLC - Raleigh","A1976","0.00","0.00","0","19804.01","0.00","19.51","-19804.01","23978.00","0.00","15.79","27846.01","0.00","22.37","-3868.01"
"Pulte Home Company, LLC  - Charlotte","A1739","30035.64","0.00","12.67","92834.59","0.00","24.56","-62798.95","674790.01","0.00","20.46","508149.58","0.00","19.3","166640.43"
"Pulte Home Company, LLC  - Greensboro","A1738","43487.98","0.00","36.24","72933.11","0.00","6.68","-29445.13","81663.12","0.00","27.72","317863.33","0.00","4.49","-236200.21"
"Pulte Home Company, LLC  - Greenville","A1781","3927.00","0.00","100","24813.01","0.00","15.96","-20886.01","216770.73","0.00","22.78","60884.01","0.00","13.62","155886.72"
"Pulte Home Company, LLC  - Myrtle Beach","A1930","109052.98","0.00","27.25","53176.90","0.00","24.2","55876.08","552837.60","0.00","17.7","131182.98","0.00","23.3","421654.62"
"Pulte Home Company, LLC  - Raleigh","A1607","153234.26","0.00","-4.81","190884.01","0.00","21.55","-37649.75","992850.54","0.00","14.36","1224929.90","0.00","10.32","-232079.36"
"Pulte Home Company, LLC  - Wilmington","A1769","36453.23","0.00","27.59","71929.87","0.00","23.34","-35476.64","757189.66","0.00","17.94","527890.01","0.00","18.16","229299.65"
"RHNC Builders, LLC - Greensboro","A1750","0.00","0.00","0","625.00","0.00","-53.47","-625","-4000.00","0.00","1196.63","170493.00","0.00","41.9","-174493"
"Ram Homes Inc - Greensboro","A1862","7353.00","0.00","17.46","-67.51","0.00","-4336.32","7420.51","165065.02","0.00","18.93","35096.15","0.00","28.26","129968.87"
"Red Door Homes - Columbia","A2118","1272.00","0.00","10.71","0.00","0.00","0","1272","13272.00","0.00","16.76","0.00","0.00","0","13272"
"Red Door Homes - Greensboro","A2142","8300.00","0.00","23.09","0.00","0.00","0","8300","18083.00","0.00","7.93","0.00","0.00","0","18083"
"Red Door Homes - Myrtle Beach","A2143","6561.00","0.00","23.8","0.00","0.00","0","6561","21548.01","0.00","11.67","0.00","0.00","0","21548.01"
"Red Door Homes - Raleigh","A2140","0.00","0.00","0","0.00","0.00","0","0","6837.00","0.00","21.04","0.00","0.00","0","6837"
"Red Door Homes - Wilmington","A2141","10240.25","0.00","32.39","0.00","0.00","0","10240.25","10240.25","0.00","9.56","0.00","0.00","0","10240.25"
"ResiBuilt - Charlotte","A1923","162965.30","0.00","13.43","70630.00","0.00","20.66","92335.3","452416.72","0.00","13.25","297511.23","0.00","13.94","154905.49"
"ResiBuilt - Greenville","A1747","12954.00","0.00","67.27","62595.01","0.00","22.91","-49641.01","497070.13","0.00","20.49","453191.21","0.00","19.65","43878.92"
"RiverWild Homes - Raleigh","12","36454.16","0.00","4.75","46656.06","0.00","22.53","-10201.9","343373.01","0.00","-1.33","501465.99","0.00","22.81","-158092.98"
"Robert Buechel - Columbia","A1984","0.00","0.00","0","0.00","0.00","0","0","0.00","0.00","0","0.00","0.00","0","0"
"Royal Homes - Greensboro","A1712","0.00","0.00","0","0.00","0.00","0","0","0.00","0.00","0","150.00","0.00","-1533.33","-150"
"RyKar Homes, LLC- Charlotte","A1957","0.00","0.00","0","0.00","0.00","0","0","0.00","0.00","0","128079.66","0.00","18.8","-128079.66"
"Ryan Shumpert- Greenville","A1975","0.00","0.00","0","0.00","0.00","0","0","0.00","0.00","0","13410.00","0.00","-13.91","-13410"
"S&B Real Estate Ventures LLC","A1989","0.00","0.00","0","0.00","0.00","0","0","0.00","0.00","0","31364.00","0.00","16.6","-31364"
"S&S Constructors, INC DBA S&S Homes- Raleigh","A1948","0.00","0.00","0","17256.00","0.00","20.63","-17256","24244.99","0.00","28.72","25865.99","0.00","19.05","-1621"
"Sadler Construction - Raleigh","10198","0.00","0.00","0","0.00","0.00","0","0","24822.00","0.00","20.32","0.00","0.00","0","24822"
"Sagamore Homes - Greensboro","A1902","0.00","0.00","0","15045.00","0.00","20.57","-15045","8085.00","0.00","-19.31","88268.50","0.00","17.78","-80183.5"
"Samet Corporation - Charleston","A1941","0.00","0.00","0","0.00","0.00","0","0","1279192.26","0.00","-24.31","262754.10","0.00","90.1","1016438.16"
"Samet Corporation - Charlotte","A1773","0.00","0.00","0","0.00","0.00","0","0","57182.25","0.00","26.92","1603982.98","0.00","25.07","-1546800.73"
"Samet Corporation - Greensboro","A1962","0.00","0.00","0","0.00","0.00","0","0","89366.67","0.00","68.6","129847.66","0.00","39.87","-40480.99"
"Samet Corporation - Raleigh","A1899","144.00","0.00","-101797.45","0.00","0.00","0","144","384040.11","0.00","-10.38","1808902.93","0.00","14.18","-1424862.82"
"Scott Lee Homes, Inc - Raleigh","10505","2185.24","0.00","67.13","9493.97","0.00","48.96","-7308.73","154513.18","0.00","15.37","174655.28","0.00","18.76","-20142.1"
"Sedgewick Homes- Greensboro","A1990","17888.35","0.00","37.72","12968.04","0.00","59.68","4920.31","234719.73","0.00","22.87","26699.24","0.00","38.01","208020.49"
"Shady Oak Homes LLC - Charlotte","A1575","0.00","0.00","0","0.00","0.00","0","0","0.00","0.00","0","18326.91","0.00","-0.11","-18326.91"
"Sharpe Building Co. - Raleigh","A2031","0.00","0.00","0","0.00","0.00","0","0","5680.00","0.00","6.54","0.00","0.00","0","5680"
"Silver Harbor Group, LLC - Raleigh","A1867","0.00","0.00","0","0.00","0.00","0","0","0.00","0.00","0","450.00","0.00","22.32","-450"
"Smith Douglas Homes - Raleigh","A1549","0.00","0.00","0","0.00","0.00","0","0","0.00","0.00","0","69655.87","0.00","21.18","-69655.87"
"South Atlantic Construction - Raleigh","A1653","0.00","0.00","0","0.00","0.00","0","0","0.00","0.00","0","0.00","0.00","0","0"
"SouthCon Building Group - Charleston","A1753","0.00","0.00","0","0.00","0.00","0","0","0.00","0.00","0","38087.00","0.00","31.47","-38087"
"Spire Builders, LLC - Greensboro","A2044","-946.00","0.00","881.13","55972.00","0.00","35.84","-56918","152519.63","0.00","13.94","55972.00","0.00","35.84","96547.63"
"Spire Builders, LLC - Wilmington","A2084","0.00","0.00","0","0.00","0.00","0","0","92759.94","0.00","16.3","0.00","0.00","0","92759.94"
"Stanley Martin Homes - Charleston","A1901","-575.00","0.00","117.08","176301.42","0.00","24.45","-176876.42","63130.73","0.00","-17.95","524712.38","0.00","-17.19","-461581.65"
"Stanley Martin Homes - Charlotte","A1958","155644.88","0.00","3.47","0.00","0.00","0","155644.88","730881.92","0.00","8.07","101264.96","0.00","8.79","629616.96"
"Stanley Martin Homes - Columbia","A1757","51933.40","0.00","21.1","57579.27","0.00","-23.92","-5645.87","602974.35","0.00","18.45","1082202.55","0.00","36.37","-479228.2"
"Stanley Martin Homes - Myrtle Beach","A1840","0.00","0.00","0","0.00","0.00","0","0","0.00","0.00","0","3100.00","0.00","-9.37","-3100"
"Stanley Martin Homes - Raleigh","A1548","128327.67","0.00","-18.17","17478.02","0.00","-102.72","110849.65","2150367.37","0.00","24.83","454935.98","0.00","0.45","1695431.39"
"Stanley Martin Homes - Wilmington","A1841","20398.01","0.00","36.35","335.00","0.00","100","20063.01","136995.06","0.00","17.59","335.00","0.00","100","136660.06"
"Starlight Homes - Greensboro","A2126","510.00","0.00","77.82","0.00","0.00","0","510","90724.63","0.00","15.41","0.00","0.00","0","90724.63"
"Starlight Homes - Raleigh","874","0.00","0.00","0","25612.08","0.00","21.64","-25612.08","0.00","0.00","0","280451.98","0.00","17.61","-280451.98"
"Swift Creek Construction - Greensboro","A1905","0.00","0.00","0","0.00","0.00","0","0","0.00","0.00","0","25839.00","0.00","20.93","-25839"
"Sycamore Homes, LLC - Columbia","A2037","0.00","0.00","0","0.00","0.00","0","0","0.00","0.00","0","20499.00","0.00","100.83","-20499"
"THE KAMP GROUP, LLC - Greensboro","A1606","0.00","0.00","0","0.00","0.00","0","0","0.00","0.00","0","0.00","0.00","0","0"
"TLE Homes - Raleigh","1505","0.00","0.00","0","0.00","0.00","0","0","0.00","0.00","0","19202.00","0.00","20.48","-19202"
"TRI Pointe Homes - Raleigh","A1608","44227.01","0.00","-30.35","23030.00","0.00","29.7","21197.01","709731.14","0.00","7.49","651597.05","0.00","13.77","58134.09"
"Taylor Morrison - Raleigh","A1800","37025.00","0.00","-44.8","100869.00","0.00","30.39","-63844","737327.42","0.00","11.84","712013.02","0.00","20.43","25314.4"
"The Veritas Group, INC - Greensboro","A1904","19524.00","0.00","25.65","150.00","0.00","-4040.85","19374","16744.89","0.00","10.52","46235.00","0.00","5.85","-29490.11"
"Third Generation Homes - Greensboro","A1842","0.00","0.00","0","-2000.00","0.00","259.02","2000","29175.99","0.00","-10.13","96295.00","0.00","18.45","-67119.01"
"Thomas Construction Group - Raleigh","A2029","0.00","0.00","0","0.00","0.00","0","0","900.00","0.00","-673.94","0.00","0.00","0","900"
"Toll Brothers - Charlotte","A1555","-2107.83","0.00","135.27","44316.55","0.00","-0.95","-46424.38","366713.43","0.00","14.04","849142.58","0.00","14.05","-482429.15"
"Toll Brothers - Greenville","A2026","78961.01","0.00","22.76","22540.00","0.00","9.85","56421.01","610488.41","0.00","21.18","40316.00","0.00","10.63","570172.41"
"Toll Brothers - Myrtle Beach","A1770","24622.05","0.00","23.67","12060.00","0.00","83.75","12562.05","433675.13","0.00","18.82","196046.97","0.00","22.59","237628.16"
"Toll Brothers - Raleigh","198","169616.01","0.00","10.78","61246.73","0.00","14.1","108369.28","679308.46","0.00","13.38","295626.67","0.00","8.58","383681.79"
"Tre Grimm - Columbia","A1622","0.00","0.00","0","0.00","0.00","0","0","0.00","0.00","0","0.00","0.00","0","0"
"Tri Pointe Homes - Charlotte","A1574","0.00","0.00","0","0.00","0.00","0","0","0.00","0.00","0","71.12","0.00","107.94","-71.12"
"Triad Remodeling Inc- Greensboro","A1928","0.00","0.00","0","0.00","0.00","0","0","0.00","0.00","0","657.00","0.00","-124.77","-657"
"True Homes - Charlotte","A2021","-125.00","0.00","-1871.5","0.00","0.00","0","-125","-125.00","0.00","-1871.5","0.00","0.00","0","-125"
"UNIQUELY SOUTHERN HOMES LLC - Raleigh","600","0.00","0.00","0","0.00","0.00","0","0","43709.01","0.00","33.86","9008.01","0.00","19.83","34701"
"VCC, Inc. - Wilmington","A2085","0.00","0.00","0","0.00","0.00","0","0","17025.99","0.00","-3.84","0.00","0.00","0","17025.99"
"Vanir Installed Sales Of Charlotte - Greensboro","82","0.00","0.00","0","0.00","0.00","0","0","0.00","0.00","0","0.00","0.00","0","0"
"Vanir Installed Sales Of Charlotte - House Account","A1913","0.00","0.00","0","0.00","0.00","0","0","919.08","0.00","100","0.00","0.00","0","919.08"
"Vanir Installed Sales Of Columbia - House Account","A1726","0.00","0.00","0","0.00","0.00","0","0","175.00","0.00","269.26","0.00","0.00","376525000","175"
"Vanir Installed Sales Of Greensboro - House Account","A1614","0.00","0.00","0","0.00","0.00","-2046155157.14","0","0.00","0.00","0","0.00","0.00","-3601329814.29","0"
"Vanir Installed Sales Of Greenville - House Account","A1817","0.00","0.00","0","0.00","0.00","0","0","6901.93","0.00","112.11","0.00","0.00","0","6901.93"
"Vanir Installed Sales Of Myrtle Beach - House","A1816","0.00","0.00","0","432.00","0.00","-21326.97","-432","0.00","0.00","0","4932.00","0.00","-2152.77","-4932"
"Vanir Installed Sales Of Wilmington- House Account","A1815","0.00","0.00","0","0.00","0.00","0","0","0.00","0.00","0","0.00","0.00","0","0"
"Vanir Installed Sales Raleigh - House Account","A1813","0.00","0.00","0","0.00","0.00","0","0","6876.98","0.00","-571.07","0.00","0.00","0","6876.98"
"Vanir Installed Sales, LLC - Wilmington","A2057","0.00","0.00","0","0.00","0.00","0","0","2728.15","0.00","0.29","0.00","0.00","0","2728.15"
"W.M. Jordan Company - Charleston","A2062","0.00","0.00","0","0.00","0.00","0","0","0.00","0.00","0","0.00","0.00","0","0"
"Walraven Signature Homes- Greensboro","A1871","0.00","0.00","0","-2250.04","0.00","17.06","2250.04","0.00","0.00","0","-2250.04","0.00","-1.66","2250.04"
"Watermark Homes - Raleigh","1253","0.00","0.00","0","0.00","0.00","0","0","34227.99","0.00","8.16","113810.00","0.00","21.05","-79582.01"
"Weaver Cooke - Raleigh","A1751","0.00","0.00","0","0.00","0.00","0","0","0.00","0.00","0","0.00","0.00","0","0"
"White Water Homes","46","0.00","0.00","0","0.00","0.00","0","0","0.00","0.00","0","0.00","0.00","0","0"
"William B. Hamilton","A2119","0.00","0.00","0","0.00","0.00","0","0","-487.00","0.00","-38.36","0.00","0.00","0","-487"
"Williams Realty & Building Co. - Raleigh","A1733","0.00","0.00","0","0.00","0.00","0","0","5994.00","0.00","100","21502.37","0.00","-5.05","-15508.37"
"Wilson And Covington - Greensboro","A2091","0.00","0.00","0","0.00","0.00","0","0","-4200.00","0.00","229","0.00","0.00","0","-4200"
"Wilson Co, LLC- Columbia","A1853","0.00","0.00","0","200.00","0.00","85.06","-200","0.00","0.00","0","102478.00","0.00","29.25","-102478"
"Wisemaster Builders - Greensboro","A2032","0.00","0.00","0","0.00","0.00","0","0","0.00","0.00","0","0.00","0.00","0","0"
"Wishon & Carter Builders - Greensboro","A1787","0.00","0.00","0","0.00","0.00","0","0","95218.01","0.00","-5.49","15653.78","0.00","-24.14","79564.23"
"Wynnefield Construction, LLC - Raleigh","A2106","0.00","0.00","0","0.00","0.00","0","0","24049.12","0.00","-438.53","0.00","0.00","0","24049.12"
"Wynnefield Construction, LLC - Wilmington","A2137","0.00","0.00","0","0.00","0.00","0","0","170519.20","0.00","30.62","0.00","0.00","0","170519.2"
"Total","","4587039.79","0","-5.74","5201735.56","0","10.25","-614695.77","50482388.51","0","15.91","49254572.95","0","15.05","1227815.56"
